Agent 1,Agent 2,Agent 3,Agent 4,Agent 5,Agent 6,Agent 7,Agent 8,Agent 9,Agent 10,Agent 11,Agent 12,Agent 13,Agent 14,Agent 15,Agent 16
-0.00893081429318885,-0.0038148524923702952,-0.0,-0.012745666785559145,-0.005115961800818554,-0.0,-0.0,-0.0,-0.0,-0.0,-0.0,-0.0,-0.0178616285863777,-0.0,-0.0038148524923702952,-0.00893081429318885
-0.014046776094007406,-0.011444557477110887,-0.0038148524923702952,-0.021676481078748,-0.010231923601637109,-0.0,-0.0,-0.0,-0.005115961800818554,-0.0,-0.0,-0.0,-0.031908404680385104,-0.011444557477110887,-0.0038148524923702952,-0.014046776094007406
-0.015347885402455665,-0.016681987644708657,-0.0076297049847405905,-0.03442214786430714,-0.015347885402455665,-0.0,-0.0,-0.0,-0.010231923601637109,-0.0,-0.0,-0.005115961800818554,-0.0409063540588434,-0.015259409969481181,-0.011444557477110887,-0.021676481078748
-0.03463209166406083,-0.028126545121819543,-0.012867135152338359,-0.02679244287956655,-0.010231923601637109,-0.0,-0.0,-0.008997949378458305,-0.01922987298009542,-0.0,-0.0,-0.012879936956098056,-0.046022315859661954,-0.0076297049847405905,-0.02954912279704702,-0.02037537177029974
-0.04737775844961998,-0.03860140545701506,-0.020949720670391067,-0.014046776094007406,-0.019229872980095417,-0.0,-0.0,-0.01799589875691661,-0.01922987298009542,-0.0,-0.0,-0.01799589875691661,-0.05365202084440254,-0.009052282659968061,-0.04383883562461285,-0.01656051927792944
-0.06832747912001104,-0.03478655296464477,-0.020949720670391067,-0.03823700035667744,-0.019229872980095417,-0.0,-0.0,-0.024345834780913973,-0.015347885402455661,-0.0,-0.005237430167597766,-0.017995898756916612,-0.057466873336772833,-0.018104565319936126,-0.040023983132242535,-0.030850232105495264
-0.045349888732814786,-0.04526141329984031,-0.020949720670391067,-0.04968155783378833,-0.051339682916288876,-0.0,-0.0,-0.03845974596019081,-0.02699384813537492,-0.0038819875776397515,-0.005237430167597766,-0.008997949378458305,-0.04608945094493143,-0.020496840137078955,-0.048106568650295244,-0.04644105424150937
-0.04904327285840587,-0.041446560807470015,-0.04429171615792497,-0.042051852849047736,-0.05257365713946768,-0.005237430167597766,-0.0038819875776397515,-0.04357570776100937,-0.04622372111547032,-0.0038819875776397515,-0.0,-0.014113911179276859,-0.04227459845256113,-0.02573427030467671,-0.04429171615792495,-0.06454561956144549
-0.04904327285840587,-0.04383883562461284,-0.05476657649312051,-0.052350911535954316,-0.05768961894028624,-0.014356847912835282,-0.0038819875776397515,-0.03845974596019081,-0.05133968291628888,-0.0,-0.0,-0.024345834780913976,-0.04357570776100937,-0.03097170047227448,-0.04952914632552272,-0.07359790222141355
-0.06844894748679023,-0.04002398313224255,-0.05334399881789303,-0.05241804662122377,-0.06280558074110479,-0.009119417745237517,-0.0038819875776397515,-0.04357570776100937,-0.04511121525907074,-0.0038819875776397515,-0.0,-0.024345834780913973,-0.07839640287711885,-0.03097170047227448,-0.06524143682831603,-0.06857041585356946
-0.07368637765438801,-0.041446560807470015,-0.0690562893206863,-0.04886747121011691,-0.06668756831874455,-0.005237430167597766,-0.010474860335195532,-0.04745769533864914,-0.043877241035891926,-0.007763975155279503,-0.0,-0.024345834780913973,-0.0937229479318695,-0.038601405457015084,-0.06905628932068632,-0.06617814103642664
-0.06733644163039061,-0.04810656865029526,-0.07571629716351153,-0.05779828550330576,-0.07445154347402404,-0.005237430167597766,-0.010474860335195532,-0.05257365713946769,-0.0425217984459339,-0.011645962732919252,-0.0038819875776397515,-0.03210980993619348,-0.10374492773375289,-0.034786552964644786,-0.06905628932068632,-0.07632158920508927
-0.08157182117644675,-0.05341113390316248,-0.07959828474115124,-0.0627927789373451,-0.07056955589638428,-0.009119417745237517,-0.0,-0.056455644717107435,-0.03987378509147297,-0.013001405322877267,-0.007763975155279502,-0.03722577173701202,-0.10116404946456142,-0.04532854838510976,-0.07571629716351157,-0.08513093513149893
-0.08668778297726529,-0.05341113390316248,-0.09531057524394457,-0.06537365720653658,-0.07180353011956309,-0.023476265658072808,-0.0,-0.05768961894028624,-0.03987378509147296,-0.009119417745237517,-0.026002810645754545,-0.041107759314651764,-0.11560937281037119,-0.04959628141079216,-0.08237630500633682,-0.08131608263912862
-0.08306153393694367,-0.04810656865029526,-0.10960028807151043,-0.06918850969890686,-0.07180353011956309,-0.01688339290051702,-0.005237430167597766,-0.06792154254192334,-0.03863981086829417,-0.018238835490475037,-0.026002810645754545,-0.04498974689229152,-0.12195930883436853,-0.07436085457355353,-0.10190344800150039,-0.07251953851647866
-0.07541902714844335,-0.058581428985490784,-0.08761373517393453,-0.08205564485124521,-0.08080147949802138,-0.022120823068114793,-0.013001405322877267,-0.051159618008185546,-0.04375577266911271,-0.028713695825670564,-0.013001405322877267,-0.07087108917126685,-0.13089012312755738,-0.07429371948828407,-0.1005480054115424,-0.08429550816012246
-0.06642107776998504,-0.045714293833152425,-0.09142858766630482,-0.09759213370574957,-0.10638128850211415,-0.02212082306811479,-0.007763975155279502,-0.04992564378500673,-0.05275372204757104,-0.033951125993268334,-0.024647368055796526,-0.07986903854972513,-0.12461586073277482,-0.0938879975687171,-0.08483571490874908,-0.06624527612169609
-0.08298159704791451,-0.044358851243194414,-0.10571830049387068,-0.0886613194125607,-0.09614936490047704,-0.03124024081335232,-0.007763975155279503,-0.05768961894028624,-0.0566357096252108,-0.028713695825670564,-0.027358253235712563,-0.07974757018294595,-0.13859550174151278,-0.08865056740111935,-0.08625829258397655,-0.07911241127403446
-0.08809755884873302,-0.0596182612126756,-0.10571830049387064,-0.08491360200545985,-0.0820354537212002,-0.032595683403310316,-0.013001405322877269,-0.056455644717107435,-0.06951564658130883,-0.033951125993268334,-0.03124024081335232,-0.07074962080448763,-0.14764778440148085,-0.08341313723352159,-0.08625829258397655,-0.09303771900126263
-0.09464890012853874,-0.05580340872030531,-0.11761573850429366,-0.07845073615862863,-0.09750480749043507,-0.02871369582567057,-0.02212082306811479,-0.06421961987238695,-0.07074962080448766,-0.043070543738505836,-0.022120823068114793,-0.06951564658130885,-0.14888175862465966,-0.0910428422182622,-0.08625829258397655,-0.10081023270048746
-0.09988633029613651,-0.07009312154787113,-0.1267351562495312,-0.07314617090576142,-0.10138679506807483,-0.024831708248030816,-0.01688339290051702,-0.08609750620694329,-0.08098154440612475,-0.048307973906103606,-0.027358253235712553,-0.06310711401598737,-0.13982947596469159,-0.09634740747112941,-0.08102086241637878,-0.1316860684135021
-0.09865235607295769,-0.06621113397023139,-0.1239571359843457,-0.08343242778890828,-0.10015282084489602,-0.032595683403310316,-0.013001405322877267,-0.09244744223094062,-0.07445154347402404,-0.044425986328463854,-0.03259568340331032,-0.06310711401598733,-0.1374414644073631,-0.1067551327210555,-0.09673315291917207,-0.14300915752383378
-0.10116609925687976,-0.06763371164545885,-0.1330094186443138,-0.0781949976213105,-0.10027428921167522,-0.032595683403310316,-0.027358253235712553,-0.08591744129883994,-0.07833353105166378,-0.039188556160866084,-0.03783311357090807,-0.0772210251952642,-0.15030859955970144,-0.10294028022868518,-0.10203771817203929,-0.12629302772766043
-0.11009691355006856,-0.07287114181305661,-0.1526708318100162,-0.06414822152730312,-0.09762627585721428,-0.032595683403310316,-0.023476265658072797,-0.09879737825493802,-0.07833353105166378,-0.04442598632846386,-0.0391885561608661,-0.07333903761762446,-0.17458729925534597,-0.09905829265104543,-0.09291830042680177,-0.14046127218844703
-0.10893861295610463,-0.08722798972589185,-0.150211421907604,-0.07949610692975878,-0.09238884568961653,-0.035306568583226346,-0.018238835490475037,-0.12067526458949436,-0.06545359409556574,-0.043070543738505836,-0.04054399875082411,-0.05269512550624688,-0.17466297288456076,-0.10048087032627288,-0.10720801325436762,-0.14822524734372652
-0.11282060053374433,-0.10675513272105547,-0.13838111898245048,-0.07949610692975878,-0.08462487053433702,-0.03006913841562858,-0.023476265658072808,-0.13879263171319017,-0.08856545465330092,-0.04442598632846386,-0.03006913841562859,-0.06434108823916616,-0.17324039520933332,-0.10578543557914011,-0.1320397215023984,-0.11878479110969904
-0.12435363344382971,-0.08625829258397652,-0.1463294343299643,-0.08744868553708693,-0.08850685811197677,-0.027358253235712553,-0.023476265658072808,-0.13367666991237162,-0.09614936490047706,-0.04830797390610362,-0.04054399875082411,-0.06557506246234497,-0.16935840763169357,-0.11102286574673788,-0.13578743890949924,-0.12144134300810533
-0.10623626632013386,-0.09673315291917206,-0.14251458183759397,-0.11474406694734439,-0.09238884568961651,-0.032595683403310316,-0.015712290502793297,-0.10638128850211419,-0.10514731427893537,-0.044425986328463854,-0.04830797390610362,-0.08369242958604078,-0.191102023795711,-0.11490485332437762,-0.12673515624953122,-0.1263687013568752
-0.11005111881250418,-0.10442999298918214,-0.12298743884243037,-0.13396540138349447,-0.10015282084489602,-0.03395112599326833,-0.03124024081335232,-0.11026327607975389,-0.08715141552201876,-0.04966341649606164,-0.04830797390610362,-0.07204646685312152,-0.19240313310415927,-0.12389000089907623,-0.14626229924469478,-0.10698436707619582
-0.11898193310569302,-0.09395513265398658,-0.1500771517370651,-0.14413018989986215,-0.09374428827957453,-0.024831708248030823,-0.04171510114854783,-0.10514731427893538,-0.08715141552201876,-0.05878283424129914,-0.044425986328463854,-0.062927049107884,-0.1937042424126075,-0.12499396821153048,-0.14626229924469475,-0.11610378482143335
-0.13833327445256774,-0.08625829258397652,-0.1409577339918275,-0.12472025201166334,-0.09374428827957453,-0.03530656858322634,-0.03647767098095008,-0.10761526272529295,-0.08715141552201877,-0.06925769457649467,-0.05490084666365939,-0.06804301090870256,-0.2077052237690505,-0.1292617012372129,-0.13998803684991218,-0.1342083501413695
-0.14738555711253573,-0.09815573059439953,-0.1476848769199223,-0.10661142343191286,-0.08715141552201873,-0.0391885561608661,-0.031240240813352308,-0.1024993009244744,-0.10514731427893537,-0.06402026440889691,-0.0626648218189389,-0.06416102333106281,-0.20246779360145278,-0.13055000874190148,-0.13998803684991218,-0.1558848312201175
-0.1333387810185283,-0.10054800541154237,-0.16055201207226058,-0.09891458336190284,-0.08591744129883998,-0.06130937922898089,-0.04947907630382735,-0.10373327514765321,-0.11938269382499142,-0.05490084666365939,-0.05490084666365939,-0.06157160651792599,-0.19334837585621523,-0.13048287365663203,-0.15046289718510775,-0.13783459918169114
-0.12564194094851824,-0.1161931608290662,-0.15809260216984836,-0.10784539765509171,-0.098797378254938,-0.06907335438426038,-0.05471650647142511,-0.10373327514765321,-0.10650275686889338,-0.04713687150837989,-0.061493719421215176,-0.06804301090870256,-0.2100431653046836,-0.13048287365663203,-0.15046289718510775,-0.14546430416643175
-0.12434083164007002,-0.10429572281864317,-0.18253856496983642,-0.11159311506219256,-0.10927223859013353,-0.07431078455185813,-0.028713695825670568,-0.12080100824040454,-0.08585884475751583,-0.05490084666365941,-0.0628491620111732,-0.07204646685312152,-0.2179286088267423,-0.12666802116426173,-0.17807262569832405,-0.13408688177459027
-0.12957826180766777,-0.10675513272105548,-0.1994219578703535,-0.11153878178068277,-0.11315422616777328,-0.04830797390610361,-0.02483170824803082,-0.12468299581804429,-0.08974083233515556,-0.07178423956417641,-0.05761173184357543,-0.07981044200840101,-0.24348707748313,-0.11903831617952114,-0.19236233852588985,-0.14444027374300655
-0.13106797456816474,-0.12111198063389078,-0.18642055254747622,-0.1257283665891744,-0.11038474444653312,-0.043070543738505856,-0.024831708248030823,-0.11661321210375125,-0.08585884475751582,-0.07954821471945593,-0.056256289253617406,-0.1004543541197786,-0.23953795482022078,-0.13475060668231442,-0.20141462118585793,-0.1483222613206463
-0.14782989910190253,-0.12777198847671598,-0.18150173274265166,-0.13091146347526242,-0.10385474351443241,-0.03918855616086609,-0.019594278080433052,-0.12449865562580996,-0.09497826250275335,-0.0781927721294979,-0.07449512474409244,-0.11068627772141569,-0.24595502592948762,-0.14619516415942535,-0.20522947367822825,-0.1353879910830385
-0.13489562886429468,-0.11858543564620903,-0.16617518768790104,-0.15821112016965083,-0.11020467953842979,-0.04830797390610362,-0.026187150837988837,-0.12185064227134902,-0.09374428827957453,-0.08343020229709566,-0.07973255491169019,-0.10156685997617818,-0.2637708597783009,-0.16190745466221865,-0.210466903845826,-0.12763681773151875
-0.1476956289313636,-0.12104484554862129,-0.15951517984507582,-0.16325994688519999,-0.1024407043831503,-0.044425986328463854,-0.039188556160866105,-0.12437718725903074,-0.09374428827957453,-0.0640202644088969,-0.07449512474409242,-0.08215692208797941,-0.2561411547935603,-0.20337108053326272,-0.1961771910182602,-0.15216271742053603
-0.15397842987009153,-0.1272519728581344,-0.16475261001267358,-0.15751530290278035,-0.10755666618396886,-0.04307054373850583,-0.03783311357090808,-0.13478917576877117,-0.10274223765803284,-0.06402026440889691,-0.09408940282452548,-0.07315897270952113,-0.2817752970791629,-0.21255763336376968,-0.21046690384582603,-0.16633096188132265
-0.17707748862406697,-0.1439339605028431,-0.1685674625050439,-0.16644611719596922,-0.1126726279847874,-0.048307973906103606,-0.028713695825670574,-0.13602314999194998,-0.1180901230604885,-0.06266482181893888,-0.10185337797980497,-0.08215692208797941,-0.28165382871238365,-0.1995562280408924,-0.22191146132293685,-0.167476460671527
-0.18730941222570408,-0.14400109558811247,-0.19870373600594177,-0.1753097964038885,-0.11279409635156662,-0.03783311357090807,-0.033951125993268334,-0.15137103539440566,-0.1349735159610055,-0.06925769457649467,-0.08885197265692771,-0.09251031405639573,-0.30615412479388154,-0.18014629015269368,-0.24383087913524332,-0.14688688184165924
-0.1821934504248854,-0.15066110343093783,-0.2091785963411373,-0.17652243027936235,-0.1539018556662184,-0.03395112599326833,-0.028713695825670578,-0.16283693321922155,-0.14915029896573748,-0.07061313716645268,-0.0954448454144835,-0.08998376906871401,-0.3166417869328368,-0.18156886782792114,-0.2338088993333599,-0.1777371139471545
-0.20444428040372487,-0.15350625878139273,-0.20911146125586796,-0.20209370073950983,-0.17966172957841448,-0.041715101148547824,-0.032595683403310316,-0.14989839972179939,-0.1503214013634612,-0.06013827683125718,-0.09815573059439954,-0.1157436429809101,-0.3308441735450881,-0.18777599513743426,-0.2520477348238349,-0.18951308359079824
-0.22778627589125872,-0.14199456621901235,-0.24157287448863934,-0.20483018952694523,-0.19654512247893147,-0.04171510114854783,-0.04035965855858983,-0.1603103882315398,-0.12462012399258919,-0.06537570699885493,-0.087680870259204,-0.10927223859013352,-0.3627983729630376,-0.1954057001221748,-0.2520477348238349,-0.2076847839960038
-0.2252725327073367,-0.1524694265542079,-0.2415057394033699,-0.21260270322617,-0.2262498557942224,-0.033951125993268334,-0.046952531316145615,-0.16542635003235837,-0.12073813641494945,-0.06402026440889691,-0.08632542766924597,-0.1235076181361896,-0.38319508508104233,-0.2020657079650001,-0.26006318525661815,-0.21183104865490707
-0.22533966779260603,-0.16436686456463095,-0.25340317741379287,-0.21123445883245234,-0.2236018424397615,-0.033951125993268334,-0.033951125993268334,-0.18477769137923294,-0.1530908830847013,-0.049663416496061624,-0.09408940282452546,-0.12862357993700815,-0.39466098290585827,-0.20872571580782534,-0.2771309183493694,-0.24787717945024995
-0.24208025197863892,-0.16055201207226064,-0.26013032034188754,-0.24106066051452235,-0.2374728168854799,-0.040359658558589806,-0.028713695825670578,-0.1601303233234365,-0.15832831325229907,-0.06013827683125715,-0.103208820569763,-0.155617428072383,-0.38426179619987755,-0.2348457315605447,-0.2890283563597925,-0.22458951724422582
-0.2550901958454614,-0.15001001665179567,-0.26401230791952734,-0.25536317514584783,-0.23482480353101898,-0.06383592421666262,-0.03395112599326833,-0.1550143615226179,-0.16332280668633842,-0.06013827683125716,-0.11892111107255629,-0.16473684581762052,-0.3893777580006961,-0.2643948543575917,-0.2890283563597925,-0.22965968430747996
-0.25762527937708846,-0.16811458197173168,-0.2872871683217918,-0.23337662224827208,-0.22342177753165812,-0.0483079739061036,-0.0535454040737014,-0.18589019723563258,-0.1734332619211963,-0.06925769457649467,-0.12280309865019604,-0.1467409470607039,-0.42475146166919187,-0.24667603448569825,-0.29045093403502,-0.26429177597154074
-0.24998277258858834,-0.17341914722459895,-0.31069629889459505,-0.2164932293477551,-0.2389497278422171,-0.03530656858322634,-0.05218996148374337,-0.20000410841490943,-0.1746672361443751,-0.10049793538984694,-0.10980169332731878,-0.1529694147179221,-0.44637360946643007,-0.25715089482089376,-0.3086897695254951,-0.2822205396431879
-0.25637850335015,-0.17723399971696924,-0.31062916380932554,-0.22783765880579185,-0.22983031009697963,-0.05218996148374338,-0.04171510114854784,-0.2165859680405439,-0.19266313490129175,-0.10573536555744474,-0.11756566848259827,-0.1736133268292996,-0.4333850059473126,-0.25715089482089376,-0.30868976952549504,-0.26045558313146544
-0.29630662172313277,-0.172516585167953,-0.31386006460782323,-0.24103620612466306,-0.20906492961882286,-0.05083451889378535,-0.05607194906138314,-0.24357981617591876,-0.23512633680590156,-0.10320882056976302,-0.12415854124015406,-0.18396671879771598,-0.4319038317307609,-0.2623883249884916,-0.3163866095955051,-0.2681524232014756
-0.30265655774713013,-0.19062115048788913,-0.34884802282827626,-0.2605004772943714,-0.2129469171964626,-0.04559708872618757,-0.03918855616086612,-0.21917538485368068,-0.2078895519369682,-0.1096173531350845,-0.11892111107255629,-0.1956126815306352,-0.45903195003667474,-0.27525546014082986,-0.321489769592564,-0.2693863974246543
-0.3024679542950814,-0.18926570789793107,-0.33701771990312274,-0.270736664155823,-0.21571639891770275,-0.04307054373850584,-0.05995393663902288,-0.22570538578578137,-0.20400756435932843,-0.08885197265692771,-0.13210685658766788,-0.17484730105247845,-0.48979485592685557,-0.3050731232789547,-0.3306091873378014,-0.28601405178785316
-0.32698959072428424,-0.1930805603903014,-0.3316460195649862,-0.29390285799506793,-0.2233589057062031,-0.04307054373850584,-0.0613093792289809,-0.21794141063050188,-0.2064755128056861,-0.09932683299212322,-0.12434288143238836,-0.19820209834377198,-0.5028047997936781,-0.2988659959694415,-0.3452846456134098,-0.29021464972826627
-0.28751435288461386,-0.2400831617281425,-0.33688344973258394,-0.30042859566735436,-0.23364942584916432,-0.046952531316145595,-0.057427391651341156,-0.22693936000896028,-0.20647551280568605,-0.09020741524688572,-0.12046089385474863,-0.20596607349905155,-0.5180184150255949,-0.3055260038122668,-0.3624866488767002,-0.29637598230021484
-0.2695312559314568,-0.2571508948208938,-0.36598289100629733,-0.30913355031487527,-0.24659223463071742,-0.060138276831257165,-0.05101885908601965,-0.23612164957965284,-0.20400756435932846,-0.09408940282452549,-0.13734428675526558,-0.2160765287339094,-0.5136963487184028,-0.2910348857288926,-0.3805912141966361,-0.29904533600238087
-0.2810429484938373,-0.24525345681047067,-0.3634563460186155,-0.31943260900178194,-0.2515281315234327,-0.07431078455185813,-0.05878283424129914,-0.2580581324555333,-0.2001255767816887,-0.09020741524688575,-0.13210685658766785,-0.19401857749124968,-0.5417899009064178,-0.28347231582942145,-0.40535578735939753,-0.31722983821134615
-0.31197311748836143,-0.24383087913524332,-0.37108605100335595,-0.29744605610420605,-0.24376415636815318,-0.07159989937194212,-0.052189961483743365,-0.2721091718093552,-0.20788955193696818,-0.09932683299212325,-0.14646370450050308,-0.20301652686970798,-0.5441907142675058,-0.32110402414452116,-0.40774806217654047,-0.3031159270320693
-0.322326509456778,-0.2424083014600159,-0.37742744848340787,-0.3502498481734725,-0.24888011816897176,-0.09778705020993095,-0.04307054373850585,-0.26822718423171527,-0.19871153765040658,-0.10844625073736075,-0.15693856483569857,-0.2082539570373057,-0.5648431649228288,-0.3134743191597805,-0.4482920609273645,-0.28131797758654203
-0.31978716266533647,-0.24143860431810035,-0.3907474641690583,-0.3565369123720146,-0.2577565991806508,-0.10166903778757069,-0.030069138415628593,-0.2746399920811678,-0.20770948702886485,-0.09291830042680177,-0.1647025399909781,-0.18884401914910698,-0.5581703552762438,-0.34968344979965277,-0.4535294910949624,-0.3031830621173386
-0.31734055456668403,-0.2428611819933279,-0.39494806210947137,-0.3679814698491255,-0.2796344855152072,-0.09507616503001493,-0.05878283424129914,-0.26410653520464805,-0.20906492961882286,-0.09156285783684374,-0.18817880564905087,-0.17196062624859001,-0.5775344984268783,-0.3707003055553133,-0.4367132332797147,-0.335523006983331
-0.31591797689145656,-0.2530845670510196,-0.3963035046994295,-0.3734160420127174,-0.2706365361367489,-0.0640202644088969,-0.06519136680662065,-0.27174904199314837,-0.23464473862291566,-0.11097279572504251,-0.19206079322669062,-0.186196005794646,-0.6010864377141659,-0.3735454609057684,-0.44854353620486825,-0.3292359427847886
-0.31833159205630435,-0.25929169436053284,-0.39099893944656217,-0.4054587168636415,-0.2862859548140871,-0.06925769457649467,-0.0677179117943024,-0.24722314230413112,-0.2305784108530416,-0.1239742010479198,-0.1712954127485338,-0.21984132322890088,-0.6101600607218388,-0.37490090349572636,-0.4604409742152913,-0.3163688076324501
-0.3310772588418635,-0.2530845670510197,-0.4144752051046349,-0.40813660910975275,-0.29004647402494765,-0.06013827683125715,-0.0768373295395399,-0.24598916808095228,-0.23569437265386012,-0.14221303653839484,-0.1621759950032964,-0.23259979181821974,-0.6398104607556203,-0.38291635392850953,-0.4577300890353752,-0.3409362387992175
-0.35690000457951465,-0.25308456705101967,-0.4091706398517677,-0.43765273897299506,-0.29781044918022714,-0.06790225198653665,-0.06907335438426039,-0.2704564712286455,-0.24857430960995822,-0.12551398383011209,-0.15829400742565658,-0.24936171635195753,-0.6396889923888408,-0.4024605619872471,-0.4643900968782004,-0.3485787455877178
-0.35347516079500135,-0.26258973024429993,-0.4234603526793335,-0.441287526557262,-0.2577565991806508,-0.07702166973177417,-0.07295534196190015,-0.27292441967500325,-0.2910961080558921,-0.12551398383011209,-0.16353143759325436,-0.25817960082231245,-0.6510792165844421,-0.4038160045772052,-0.46342039973628507,-0.3716106692564239
-0.36758907197427837,-0.24997407036946537,-0.4157635126093237,-0.4786219648572933,-0.24364268800137395,-0.08866763246469342,-0.07295534196190015,-0.29985539598492295,-0.3013280316575292,-0.1189211110725563,-0.15964945001561462,-0.22712370020119446,-0.6524431977183456,-0.4067282950129296,-0.49335526798137475,-0.37939598475940833
-0.3713367893813791,-0.2471960501042798,-0.44305463075976675,-0.4823824840681539,-0.24740320721223452,-0.0873121898747354,-0.05101885908601965,-0.3048498894189623,-0.2845661071237914,-0.12280309865019605,-0.1751774003261736,-0.2310056877788343,-0.6640891604512645,-0.43156000326096045,-0.5305340957631626,-0.37551399718176864
-0.3813801095309677,-0.2586406075813906,-0.45592176591210504,-0.4735188048602347,-0.26946543373902515,-0.09137851764460944,-0.04578142891842188,-0.31384783879742056,-0.2703935994031904,-0.12804052881779385,-0.1907053506367326,-0.23365370113329523,-0.6793613722245058,-0.41589778277986256,-0.5343489482555328,-0.3758454093483015
-0.3723150250672398,-0.271507742733729,-0.46018949893778743,-0.49686080034776836,-0.28746133249594175,-0.09661594781220723,-0.049663416496061624,-0.2946179658173252,-0.29633781350762084,-0.11775000867483257,-0.19458733821437235,-0.24141767628857472,-0.6945664489124767,-0.41447520510463504,-0.5419786532402734,-0.3603174590377426
-0.4148783549909237,-0.27816775057655424,-0.46018949893778743,-0.5081838894581001,-0.2705779395954247,-0.07449512474409244,-0.049663416496061624,-0.30484988941896224,-0.30656973710925794,-0.13327795898539155,-0.1829413754814531,-0.250415625667033,-0.7138506551740823,-0.4211352129474604,-0.5447066034837635,-0.37349466600890885
-0.4122974767217322,-0.26814577077467094,-0.4838501047880946,-0.5027578558384538,-0.2938698650612632,-0.07061313716645269,-0.05625628925361742,-0.33572572513197685,-0.2986214217617441,-0.13075141399770981,-0.17905938790381334,-0.26588497943626793,-0.7114797207046443,-0.4787469447910357,-0.516580058361944,-0.38124583936042883
-0.4184918022274857,-0.2680786356894015,-0.49439210020855945,-0.5041132984284117,-0.31574775139581956,-0.09020741524688572,-0.052374301675977675,-0.34996110467803304,-0.29473943418410437,-0.14122627433290535,-0.19748256358652264,-0.2347662069896948,-0.7346001198063249,-0.485272682463322,-0.5180026360371712,-0.37347332566120395
-0.4263101106642748,-0.26904833283131674,-0.49296952253333204,-0.5105303695376783,-0.3169188537935433,-0.08108799750164822,-0.0795482147194559,-0.34983963631125375,-0.275509561204009,-0.15693856483569868,-0.18059917068600567,-0.2437641563681531,-0.7331903439348568,-0.4864437848610458,-0.5466491967775728,-0.3750930453324253
-0.450911683982507,-0.3115317258659716,-0.4905772477161891,-0.544184225515879,-0.292392954104526,-0.07973255491169022,-0.09119417745237517,-0.29937379780193707,-0.31168142362594553,-0.1567542246434644,-0.15964945001561467,-0.2915233849816848,-0.721611516287207,-0.4682720844558402,-0.5272392588893736,-0.39676952641117313
-0.4574502234585531,-0.3077168733736014,-0.4958818129690563,-0.5443184956864177,-0.27939154878164874,-0.10068227558208129,-0.06907335438426042,-0.3177341016591913,-0.332266739195999,-0.15422767965578266,-0.17924372809604766,-0.3134012713162412,-0.7381262408275723,-0.4773915022010777,-0.5338321316469297,-0.39655958261141955
-0.46274198690766055,-0.2910348857288926,-0.5203277757690444,-0.554483284202785,-0.29738744753856533,-0.11368368090495853,-0.05995393663902288,-0.3407244938501472,-0.33596866186553537,-0.15829400742565666,-0.17788828550608965,-0.3159906881293781,-0.734055649797884,-0.4863766497757763,-0.548507589922538,-0.3877715770327148
-0.4897230332392758,-0.294849738221263,-0.5450252138465369,-0.561865789194153,-0.2908574466064646,-0.11368368090495856,-0.05878283424129914,-0.33536559531577026,-0.34373263702081486,-0.17517740032617363,-0.17788828550608968,-0.33010459930865493,-0.7854368641919227,-0.4926509121705589,-0.5690715651448865,-0.3990946661430465
-0.5215099695528814,-0.313856865597845,-0.5244612386241883,-0.5992332204279894,-0.32826755853571093,-0.12163199625247234,-0.06266482181893891,-0.37394680964274035,-0.35378449571434867,-0.17382195773621564,-0.1961271209965647,-0.318638701483839,-0.7970156918395725,-0.5079774572253097,-0.5776709672715423,-0.4157223205062455
-0.5303736487608008,-0.35421652415643473,-0.5502626440141343,-0.6207882331399583,-0.35914339424872566,-0.10339316076199731,-0.057427391651341135,-0.39970668355493644,-0.3421971295227535,-0.16470253999097811,-0.20136455116416244,-0.2939327368867184,-0.8418711685613253,-0.5480685754428218,-0.5853678073415527,-0.45564190033528285
-0.522147190278428,-0.39618310058248635,-0.5698569220945671,-0.6268195588011823,-0.3745498761925054,-0.11232823831500051,-0.05218996148374335,-0.426579063323532,-0.3343116860006948,-0.1386997293452236,-0.21165507130712363,-0.31192863564363504,-0.9085917298138741,-0.5533060056104195,-0.6025026755195735,-0.5099897384465562
-0.5545414684259301,-0.38324883034487844,-0.5698569220945675,-0.6578711961624857,-0.4322394951327917,-0.12280309865019605,-0.06383592421666265,-0.4251650241922499,-0.32790315343537335,-0.17536174051840797,-0.2052465387418022,-0.34415991394660755,-0.9550455858591436,-0.55323887052515,-0.6249421089504615,-0.5089071114818068
-0.5599931056530962,-0.414673411350465,-0.5971981102667058,-0.676068500175211,-0.39107313927681575,-0.12804052881779382,-0.05607194906138312,-0.44475930227268295,-0.3769549528134079,-0.1831257156736875,-0.20660198133176028,-0.36203434433674486,-0.9370252327123675,-0.5468303379598284,-0.6396847023113398,-0.529433830510536
-0.5754624594223309,-0.44054195182568073,-0.6118735685423141,-0.6916806626589306,-0.40025115356337737,-0.11621022589264024,-0.10690646795516846,-0.4599271227670353,-0.42441264815205704,-0.1699399701585759,-0.1792437280960477,-0.38255678808134336,-0.9462160608270055,-0.5668103614883041,-0.670790672954153,-0.5564692101236612
-0.6102916930823857,-0.4353045216580829,-0.6247407036946524,-0.6754600940914789,-0.4106045455317937,-0.1540433394635483,-0.1030244803775287,-0.5009720102562321,-0.43852655933133383,-0.16876886776085218,-0.18700770325132718,-0.40320070019272086,-0.9639903631980683,-0.5992717747210756,-0.6654861077012851,-0.5563264014091771
-0.6518053889751254,-0.4005680387151336,-0.7237489263240029,-0.68679598500557,-0.4093705713086149,-0.16568930219646757,-0.07431078455185813,-0.49474354259901393,-0.4475245087097922,-0.18312571567368746,-0.19883800617648076,-0.40320070019272086,-1.007431800788539,-0.5902194920611076,-0.7269126920372311,-0.5536240547732062
-0.6582682548219566,-0.4096203213751016,-0.7447657820796635,-0.717194485795413,-0.4401878104803054,-0.13715994656303132,-0.09273396023456747,-0.5037414919774723,-0.44228707854219446,-0.20660198133176025,-0.20019344876643874,-0.4197825598183553,-1.0535425920811754,-0.6345112082190326,-0.7104150445847562,-0.5850156428449882
-0.6398322773354873,-0.4314726041021388,-0.7443129015463509,-0.7374782680905843,-0.48406505151619733,-0.13715994656303132,-0.0968002880044415,-0.5360942386472245,-0.3944692533873386,-0.2104839689094,-0.23531567715743074,-0.4157205073326123,-1.099690639567431,-0.6348969536670753,-0.7570990355598244,-0.5658742452978672
-0.6770995805502495,-0.45637144743543895,-0.730476069252098,-0.8049404413475683,-0.4928829359865523,-0.1346334015753496,-0.09526050522224919,-0.5359141737391213,-0.3930552142560565,-0.21165507130712372,-0.24967252507026602,-0.38872665919723737,-1.134322731231492,-0.6763435144745454,-0.7976430343106488,-0.5656441103680684
-0.6530393631983041,-0.5059677288462309,-0.7384915196848809,-0.8486919507568664,-0.4708249847438926,-0.13075141399770984,-0.09390506263229118,-0.5354911720974594,-0.4431609229491666,-0.21165507130712372,-0.28984784343662146,-0.43124845764317127,-1.1376389084529854,-0.7038861079024922,-0.7909830264678236,-0.5772101362119586
-0.7047434512149308,-0.49962633136617873,-0.7675238258733242,-0.8636882328627448,-0.47871042826595134,-0.12551398383011209,-0.08614108747701171,-0.5328431587429981,-0.49727008758669555,-0.23124934938755676,-0.3135084492869286,-0.4493072282255429,-1.122077965208622,-0.7248358285728831,-0.78865788673595,-0.597949913082596
-0.6816199380710956,-0.502471486716634,-0.7996666287433228,-0.8867542986829153,-0.456832541931395,-0.16451819979874382,-0.07702166973177417,-0.5627908287918479,-0.508916050319615,-0.2547256150456297,-0.28362365106353443,-0.46847850466431423,-1.1477920443832539,-0.7252887091061953,-0.8253870329944041,-0.6407231868060338
-0.703485022601892,-0.5087457491114166,-0.7867994935909846,-0.9007296764318389,-0.43994914903087795,-0.18528358027690062,-0.10419558277525243,-0.5844886502183007,-0.5205034165112101,-0.2533701724556716,-0.2746885735105313,-0.45406306021015486,-1.16965712891405,-0.7238661314309676,-0.8782781512789849,-0.6703064517545454
-0.7328455419468907,-0.5163754540961571,-0.7920869937802777,-0.8876483342199327,-0.4642949838117919,-0.19421865782990386,-0.10419558277525243,-0.5687763597155077,-0.5293213009815649,-0.2327891321697491,-0.2655691557652936,-0.44752878399392315,-1.2233091497584527,-0.7862794779724028,-0.9005161794540644,-0.6915247127660142
-0.7545763563071481,-0.48960435156429555,-0.8338521649505207,-0.908103642879262,-0.47576088163660785,-0.1814015926992609,-0.11855243068808771,-0.6049482221374445,-0.5396746929499815,-0.26131848780318545,-0.2628582705853776,-0.48893807658345745,-1.2474877214350235,-0.8369125916103797,-0.8848038889512709,-0.6672417498105554
-0.7647496833674614,-0.5000792118994912,-0.8600393157885095,-0.9106387264108883,-0.5263524637968349,-0.15422767965578263,-0.11855243068808774,-0.6074161705838022,-0.566970074360239,-0.2704379055484229,-0.261687168187654,-0.537994151245623,-1.232249651813247,-0.8826268854435321,-0.8881019248350381,-0.6463549009656194
-0.7597551899334222,-0.5258134822041679,-0.905317794151924,-0.9245768359418757,-0.5574083644179532,-0.16199165481106212,-0.08225909989937194,-0.6161125866873777,-0.5706091252043203,-0.2706222457406572,-0.30457337173392557,-0.5494600490704391,-1.2860359428281891,-0.87835915241785,-0.8780128099478851,-0.6772594663526242
-0.7933547126301121,-0.5450220148365583,-0.9520689202122616,-0.9156673619963922,-0.540642164600084,-0.15034569207814288,-0.09797139040216524,-0.5848137493327008,-0.5679025153085352,-0.29779615878413546,-0.3189302196467608,-0.5518651256913417,-1.3234417794733042,-0.8711119938711738,-0.8937251004506783,-0.7041733775989705
-0.824447881469166,-0.5426297400194154,-0.9057035395999666,-0.9843134514791773,-0.5367601770224445,-0.1765328429161317,-0.13814670876852073,-0.5989276605119782,-0.5587245010219736,-0.29409851139873006,-0.3020468267462438,-0.5530990999145208,-1.3947273437666032,-0.8497125916774486,-0.9329136566115442,-0.7283306089278356
-0.8567334930536482,-0.5697865879993198,-0.9095183920923372,-0.9984816959399632,-0.5365801121143411,-0.1817702730837295,-0.10031359519761265,-0.651681382559549,-0.5857183491573483,-0.2915719664110483,-0.30728425691384165,-0.5235201102501396,-1.4415871363899595,-0.8473874519455754,-0.9405433615962852,-0.7797832216669587
-0.8362451914605146,-0.6259086070823978,-0.9304009776774582,-0.9864084562812515,-0.5496443892626732,-0.19477167840660675,-0.11873677088032202,-0.6660382304723842,-0.5933022594045245,-0.29563829418092236,-0.30728425691384165,-0.5351074764417345,-1.4157601273924947,-0.8592348199343031,-0.9600033695061791,-0.7988574841288099
-0.8661257264240946,-0.6391614876827793,-0.9369267153497451,-1.0483103257480506,-0.5535849733816374,-0.20777308372948403,-0.10709080814740278,-0.6713971290067613,-0.6127121972927235,-0.30340226933620185,-0.28534777403796113,-0.5517479326086936,-1.4022515082547955,-0.8386537796483806,-0.9717164673243681,-0.8439217554326562
-0.8599399394622872,-0.6793197409855609,-0.9523203954897648,-1.0855104938775426,-0.5469335040827574,-0.2234853742322773,-0.08749653006696972,-0.6930949504332145,-0.5866507901056448,-0.2954539539886879,-0.29970462195079645,-0.562038452751655,-1.4294754913199692,-0.8440926150717869,-1.0522844492074348,-0.7911893737327902
-0.8739409208187295,-0.6909657037184801,-0.9836277713883869,-1.1127728823539957,-0.6023981113102443,-0.209128526319442,-0.0810879975016482,-0.6555047735958645,-0.6085915482656564,-0.29021652382109014,-0.3154169124535896,-0.5953822369110271,-1.4356826186294824,-0.8672332053035121,-1.0578404897378053,-0.8284566769475524
-0.9150987501550765,-0.6614837160067023,-1.0359349379790943,-1.1374458660416282,-0.6139226056763846,-0.207773083729484,-0.10068227558208126,-0.6762072822485665,-0.6343514221778523,-0.29545395398868796,-0.31911455983899506,-0.5733242856683674,-1.4314820206890695,-0.8557215127411321,-1.074455342297245,-0.8251075067922535
-0.9191906815324702,-0.708419182259274,-1.0178804426808543,-1.1357888901767883,-0.6537335189424023,-0.21301051389708178,-0.11368368090495852,-0.7226110682721401,-0.6073575740424776,-0.2979804989763697,-0.3334714077518304,-0.561678322935448,-1.4564479991076384,-0.8067624520558861,-1.1394453038480572,-0.8555475390598469
-0.8808652057428183,-0.709190673155359,-0.994857057556094,-1.1408334536325224,-0.6704954434761402,-0.21960338665463755,-0.12785618862555947,-0.7843041431568449,-0.6200574460904724,-0.3032179291439674,-0.3451173704847496,-0.5719102465370854,-1.4938282321452347,-0.8319127706666901,-1.1087922137385564,-0.8941702848645668
-0.9210948573906835,-0.6876570007910957,-1.029261064082674,-1.2158166653112272,-0.6486218324257147,-0.19883800617648079,-0.16162297442659349,-0.7299563170698885,-0.6611023335796687,-0.3253387522120822,-0.3412353829071099,-0.5964361462261025,-1.4894933640342833,-0.8227933529214522,-1.1025179513437737,-0.9212483451731021
-0.9350201651179115,-0.68099699294827,-1.040705621559785,-1.2207024921822476,-0.6226818936054155,-0.2366711197473888,-0.20081153058745957,-0.7543021518508026,-0.6944461177390412,-0.37617327110586757,-0.32318088760886926,-0.6093789550076556,-1.4918185037661564,-0.8251856277385952,-1.1332243104849482,-0.8988493669458117
-0.9247882415162747,-0.7043389884358038,-1.03009649105405,-1.2563042809882232,-0.6045645264817194,-0.26674025816301744,-0.19286321523994582,-0.8137116184813847,-0.731671889476053,-0.3800552586835073,-0.3489993580623894,-0.6414887649438495,-1.526860795268119,-0.8242159305966797,-1.155210863382524,-0.8771728858670633
-0.9439967741486652,-0.7520598116380565,-1.0491206834942062,-1.2739773061225534,-0.577390613438241,-0.27820188070370244,-0.15656988445123002,-0.8162381634690661,-0.7459658655634333,-0.34376192789479165,-0.3786998160935493,-0.6347158272781902,-1.5149505554539369,-0.8614789585273112,-1.1237862823769376,-0.8966712991882366
-0.9608844423333129,-0.7754018071255901,-1.0483523916080995,-1.323187842085302,-0.5929185637488003,-0.2987829209896249,-0.14609502411603448,-0.8185217717231895,-0.748433814009791,-0.3476439154724314,-0.40199174155938777,-0.6539457002582857,-1.5315153379916802,-0.8511383683626546,-1.1599954130168095,-0.908103054861588
-0.9777635719740159,-0.7824475604164582,-1.0730498296855915,-1.3797894095590488,-0.6213893228409125,-0.27937298310142616,-0.1645181997987438,-0.8038676658196029,-0.756017724256967,-0.3489993580623894,-0.41147983968909396,-0.6798899143627158,-1.544449608229288,-0.8459680732803264,-1.1742851258443758,-0.9134491515922047
-1.0162105161304469,-0.8062595015008782,-1.0771832925407352,-1.4105309751015236,-0.6563900828651253,-0.25102796766022417,-0.1542276796557826,-0.8620431582270057,-0.7506002291812658,-0.35306568583226344,-0.4312584579617613,-0.6541300404505201,-1.5780949256635424,-0.8836669166806954,-1.1732482936171906,-0.9443335258491649
-1.0650236540590539,-0.805038329081459,-1.0848129975254754,-1.4412139441026763,-0.6160932961319907,-0.29798049897636975,-0.15792532704118806,-0.8915635513500628,-0.7650199489195565,-0.32570743259655094,-0.38720115201776617,-0.6421782691585873,-1.5688412377477663,-0.9003489043254038,-1.1942150793511561,-1.004174532665354
-1.0907249314299259,-0.8155131894166548,-1.0640476170473185,-1.4730680155015512,-0.6339677265221283,-0.3121530066969707,-0.17597982233942874,-0.8577967655490287,-0.7467853887132124,-0.34259082549706793,-0.37925283667025234,-0.7131079548711777,-1.566126089308036,-0.8782280812572892,-1.2009422222792503,-0.991324474600906
-1.1009099110763383,-0.7806424363031662,-1.0588101868797208,-1.4974010484787041,-0.6752555507448833,-0.33156294458516955,-0.19169211284222212,-0.8680286891506654,-0.7618274655566544,-0.32706287518650895,-0.3740154065026544,-0.7051639148077953,-1.5763995443874228,-0.8692930037042862,-1.2519610813652706,-1.0067767512822503
-1.1038051244241716,-0.7806424363031665,-1.0744724073608187,-1.5016016464191182,-0.6796276870737706,-0.2770307783059787,-0.17634850272389735,-0.8757926643059449,-0.7670020238987971,-0.33599795273951216,-0.35848745619209543,-0.7261722320195103,-1.568702704317413,-0.8565601387224867,-1.2611977042174725,-0.9761023208250441
-1.0815990249330618,-0.8037190904596008,-1.0865041155417805,-1.4858350226348152,-0.6982937994900383,-0.2537388528401402,-0.17111107255629956,-0.8614358163931097,-0.8008902780666101,-0.3387088379194282,-0.36255378396196963,-0.7121797892070129,-1.5491755613222495,-0.8450484461601062,-1.2519610813652708,-0.9647792317147125
-1.0834244131199058,-0.8691619325437253,-1.055918160517549,-1.5066632749384263,-0.66434267349677,-0.24344833269717903,-0.1553987820535063,-0.8886097294365881,-0.7775983526007721,-0.3412353829071099,-0.37419974669488887,-0.664240495685378,-1.568652634295718,-0.8450484461601062,-1.219566803217769,-0.9934385942588736
-1.078124111126853,-0.869229067628995,-1.0405244803775289,-1.5028484224460568,-0.6212721297582644,-0.2708065859328915,-0.14375281932058706,-0.8691997915483896,-0.7593595171102969,-0.3425908254970679,-0.3701334189250148,-0.6590030655177799,-1.5640225459620158,-0.8156836635552934,-1.2275151185652824,-0.9676329256091128
-1.072886680959255,-0.8116173357854194,-1.0444064679551683,-1.483321279450894,-0.6097476353921242,-0.3135084492869287,-0.13851538915298933,-0.8653178039707493,-0.7515955419550172,-0.30765293729831017,-0.3689623165272911,-0.6461860003871374,-1.555024596583558,-0.8585698671015651,-1.2176103438703634,-0.9757698444086755
-1.0460484433421242,-0.8156836635552936,-1.041879922967487,-1.4937332679606345,-0.6085765329944006,-0.30303358895173316,-0.1268694264200701,-0.8459078660825508,-0.771005479843216,-0.3062974947083521,-0.3611983413720116,-0.6176566447537007,-1.5212578107825236,-0.8610964120892468,-1.1914231930323749,-0.9900638204960555
-1.0291650504416072,-0.8209210937228916,-1.0393533779798054,-1.4820873052277155,-0.5943411534483446,-0.3005070439640514,-0.14917458968041905,-0.8136179912382538,-0.7620075304647578,-0.3140614698636317,-0.3703177591172492,-0.5981838350400467,-1.52386002939942,-0.8519769943440091,-1.1953051806100141,-0.9652321122480247
-1.0344024806092054,-0.7908519553072628,-1.0211145424893302,-1.4665593549171565,-0.583866293113149,-0.2913876262188139,-0.16876886776085215,-0.8085020294374353,-0.7620075304647578,-0.3154169124535897,-0.35731635379437177,-0.6020658226176866,-1.5224374517241928,-0.8533324369339673,-1.1834748776848614,-0.9535861495151057
-1.0447558725776211,-0.80773534820778,-1.0028757069988552,-1.4601508223518342,-0.6019207884113896,-0.2539231930323745,-0.15441201984801695,-0.8085020294374353,-0.707659704377801,-0.34259082549706793,-0.3520789236267741,-0.6073032527852844,-1.5496113647676706,-0.8248030813005308,-1.2240188764356856,-0.9328207690369485
-1.0303990246647858,-0.80773534820778,-1.0067576945764949,-1.4497974303834176,-0.6058027759890295,-0.25916062319997224,-0.1309357541899441,-0.8125054853818545,-0.7090151469677595,-0.3373533953294702,-0.3611983413720116,-0.6073032527852844,-1.5509796091613886,-0.8248030813005311,-1.2279008640133249,-0.9237013512917112
-1.025283062863967,-0.8011424754502242,-0.9989937194212153,-1.4627988357062942,-0.6096847635666689,-0.246159217877095,-0.1309357541899441,-0.79204163817858,-0.7090151469677591,-0.3464728130747077,-0.3573163537943719,-0.6125406829528822,-1.5432156340061094,-0.8104462333876957,-1.1953051806100141,-0.9341762116269067
-1.017519087708688,-0.7790216523821093,-0.9989937194212153,-1.4666808232839341,-0.5708648877902714,-0.24092178770949724,-0.1309357541899441,-0.7673942701227833,-0.7116631603222204,-0.31929890003122946,-0.3573163537943718,-0.6280686332634411,-1.5315696712731903,-0.8415021340088137,-1.1757109025295815,-0.9302942240492668
-1.0072285675657269,-0.7751396648044696,-0.9951117318435754,-1.4665593549171552,-0.5708648877902714,-0.25004120545473474,-0.12569832402234637,-0.7712762577004232,-0.7011882999870248,-0.3245363301988272,-0.3547898088066901,-0.6334275317978182,-1.5315696712731903,-0.8376201464311738,-1.1757109025295818,-0.9145819335464734
-0.9982306181872684,-0.7803770949720671,-0.9951117318435754,-1.4665593549171552,-0.5708648877902714,-0.25004120545473474,-0.12569832402234637,-0.7751582452780631,-0.7064257301546226,-0.31153492487594997,-0.36002723897428773,-0.6178995814872585,-1.5134523041494943,-0.8376201464311741,-1.1823037752871373,-0.9275833388693512
-0.9852292128643911,-0.7751396648044694,-1.005586592178771,-1.4382985396247965,-0.5723417987470085,-0.24480377528713698,-0.1295803115999861,-0.7712762577004232,-0.694779767421703,-0.31153492487594997,-0.35478980880669014,-0.610135606331979,-1.5224502535279527,-0.8234476387105729,-1.183659217877095,-0.9225345121538018
-0.9813472252867512,-0.7699022346368716,-1.047486033519553,-1.4013626485765676,-0.568459811169369,-0.24480377528713698,-0.1295803115999861,-0.7751582452780631,-0.6895423372541053,-0.3037709497206705,-0.3509078212290504,-0.6153730364995769,-1.5368071014407874,-0.8220921961206147,-1.1784217877094973,-0.9082991326077458
-0.9722278075415138,-0.7699022346368718,-1.0422486033519553,-1.4013626485765676,-0.5672258369461901,-0.25004120545473474,-0.13481774176758385,-0.7700422834772445,-0.680544387875647,-0.3037709497206705,-0.3561452513966482,-0.6050196445311605,-1.525228273793138,-0.8195656511329333,-1.1888966480446927,-0.9082991326077458
-0.9761097951191537,-0.7699022346368718,-1.0317737430167597,-1.4052446361542075,-0.5581064192009526,-0.24092178770949724,-0.14005517193518158,-0.7662817642663836,-0.6844263754532868,-0.312890367465908,-0.3509078212290503,-0.6089016321088008,-1.5147534134579426,-0.819565651132933,-1.183659217877095,-0.9058397227053334
-0.9774652377091116,-0.7699022346368718,-1.025180870259204,-1.410482066321805,-0.5581064192009526,-0.24480377528713698,-0.14005517193518166,-0.7623997766887437,-0.6844263754532868,-0.30765293729831017,-0.34567039106145264,-0.6141390622763986,-1.5069894383026627,-0.8248030813005308,-1.1784217877094976,-0.9096545751977037
-0.9722278075415138,-0.7699022346368718,-1.025180870259204,-1.3910092566081513,-0.5581064192009528,-0.2539231930323745,-0.1309357541899441,-0.7701637518440237,-0.6896638056208845,-0.29717807696311466,-0.3495523786390924,-0.6219030374316777,-1.5069894383026627,-0.8248030813005308,-1.1731843575418996,-0.9044171450301058
-0.9632298581630554,-0.7699022346368718,-1.025180870259204,-1.387127269030512,-0.5619884067785925,-0.25004120545473474,-0.13617318435754192,-0.7701637518440237,-0.680544387875647,-0.2932960893854749,-0.3547898088066902,-0.6180210498540382,-1.5069894383026627,-0.8156836635552935,-1.1784217877094973,-0.8953648623701379
-0.9632298581630554,-0.7699022346368718,-1.021298882681564,-1.3923646991981096,-0.5619884067785925,-0.24480377528713698,-0.14141061452513956,-0.7662817642663838,-0.6754284260748284,-0.30629749470835216,-0.3547898088066902,-0.6141390622763983,-1.5069894383026627,-0.8104462333876957,-1.1784217877094973,-0.8953648623701379
-0.9632298581630554,-0.7699022346368718,-1.0265363128491618,-1.3884827116204697,-0.5672258369461903,-0.246159217877095,-0.13617318435754183,-0.7623997766887439,-0.6754284260748284,-0.30629749470835216,-0.36002723897428796,-0.6051411128979398,-1.5069894383026627,-0.8104462333876957,-1.1731843575418996,-0.8953648623701379
-0.9632298581630554,-0.7751396648044695,-1.0265363128491618,-1.3883612432536907,-0.5633438493685505,-0.246159217877095,-0.13617318435754183,-0.7662817642663838,-0.6754284260748284,-0.3010600645407544,-0.3639092265519277,-0.6051411128979398,-1.4966360463342463,-0.8143282209653356,-1.1731843575418996,-0.8953648623701379
-0.9658778715175167,-0.7751396648044694,-1.021298882681564,-1.3831238130860926,-0.5582278875677319,-0.24868576286477673,-0.13617318435754183,-0.7662817642663838,-0.684547843820066,-0.2880586592178771,-0.3639092265519277,-0.6051411128979398,-1.4915200845334278,-0.8143282209653353,-1.1679469273743017,-0.8902489005693194
-0.9658778715175164,-0.7699022346368716,-1.021298882681564,-1.369077036992085,-0.558227887567732,-0.24868576286477673,-0.14005517193518158,-0.7701637518440237,-0.684547843820066,-0.2932960893854749,-0.3509078212290504,-0.6103785430655376,-1.4928755271233864,-0.8104462333876957,-1.1731843575418996,-0.8902489005693194
-0.9606404413499189,-0.7685467920469138,-1.026536312849162,-1.3639610751912667,-0.5583493559345111,-0.24615921787709497,-0.1452926021027793,-0.7611658024655652,-0.6741944518516498,-0.2932960893854749,-0.3561452513966482,-0.6000251510971216,-1.4994140665994324,-0.8156836635552934,-1.1731843575418996,-0.8890149263461408
-0.9528764661946392,-0.7737842222145115,-1.0212988826815643,-1.3639610751912667,-0.5531119257669133,-0.24480377528713698,-0.15441201984801686,-0.750933878863928,-0.6780764394292895,-0.2932960893854749,-0.3509078212290503,-0.6077891262524011,-1.4994140665994324,-0.8118016759776535,-1.1679469273743017,-0.8904375040213683
-0.9581138963622369,-0.7699022346368716,-1.010824022346369,-1.369198505358865,-0.5531119257669133,-0.24480377528713698,-0.15576746243797493,-0.7561713090315259,-0.6819584270069293,-0.2932960893854749,-0.34567039106145264,-0.6077891262524011,-1.485057218686597,-0.8170391061452513,-1.1679469273743017,-0.8904375040213683
-0.9528764661946391,-0.7751396648044693,-1.010824022346369,-1.3640825435580464,-0.5583493559345112,-0.25139664804469275,-0.14664804469273746,-0.7652907267767636,-0.6780764394292894,-0.2932960893854749,-0.35614525139664815,-0.6039071386747612,-1.4889392062642368,-0.8118016759776536,-1.1679469273743017,-0.8813180862761306
-0.9528764661946391,-0.7751396648044693,-1.010824022346369,-1.358845113390448,-0.5583493559345112,-0.25139664804469275,-0.14664804469273746,-0.7652907267767636,-0.6780764394292894,-0.2932960893854749,-0.35614525139664815,-0.6039071386747612,-1.4889392062642368,-0.8065642458100558,-1.162709497206704,-0.8760806561085328
-0.9516424919714604,-0.7751396648044693,-1.010824022346369,-1.358845113390448,-0.5531119257669135,-0.24615921787709497,-0.14664804469273746,-0.7600532966091658,-0.6729604776284708,-0.3062974947083522,-0.35614525139664815,-0.6039071386747612,-1.4889392062642368,-0.801326815642458,-1.162709497206704,-0.8721986685308929
-0.9516424919714604,-0.7751396648044693,-1.0147060099240088,-1.358845113390448,-0.5492299381892736,-0.24615921787709497,-0.14141061452513964,-0.7561713090315259,-0.6768424652061107,-0.3062974947083522,-0.35614525139664815,-0.5949091892963027,-1.485057218686597,-0.801326815642458,-1.166591484784344,-0.8773146303317114
-0.9516424919714604,-0.7803770949720672,-1.0147060099240088,-1.3639610751912665,-0.5492299381892736,-0.25139664804469275,-0.1309357541899441,-0.7561713090315259,-0.6690784900508312,-0.3062974947083522,-0.36390922655192764,-0.5949091892963027,-1.4951676739214548,-0.801326815642458,-1.161354054616746,-0.8773146303317114
-0.9465265301706419,-0.7803770949720671,-1.010824022346369,-1.3639610751912665,-0.5441139763884548,-0.2552786356223325,-0.13481774176758385,-0.7561713090315259,-0.6781979077960687,-0.30241550713071247,-0.35867179638432983,-0.5949091892963027,-1.4951676739214548,-0.801326815642458,-1.1665914847843437,-0.8721986685308929
-0.9465265301706419,-0.7751396648044693,-1.010824022346369,-1.3600790876136268,-0.5493514065560527,-0.2539231930323745,-0.13481774176758385,-0.7561713090315259,-0.6781979077960687,-0.2985335195530727,-0.35090782122905034,-0.6001466194639005,-1.4951676739214548,-0.801326815642458,-1.1704734723619836,-0.8721986685308929
-0.9465265301706419,-0.7699022346368715,-1.0265363128491618,-1.3435185683356974,-0.5481174323328739,-0.25916062319997224,-0.13481774176758385,-0.7561713090315259,-0.6639625282500123,-0.2932960893854749,-0.35614525139664815,-0.594909189296303,-1.5004051040890527,-0.7960893854748602,-1.165236042194386,-0.8670827067300744
-0.941289100003044,-0.7699022346368715,-1.021298882681564,-1.3435185683356974,-0.5481174323328739,-0.25004120545473474,-0.15053003227037706,-0.7421788662190282,-0.6600805406723728,-0.3037709497206703,-0.35090782122905023,-0.5936752150731244,-1.4965902515966822,-0.8065642458100558,-1.1522346368715084,-0.8723872719829416
-0.9477605043938206,-0.7737842222145114,-1.0042311495888132,-1.3487559985032949,-0.5428800021652762,-0.25004120545473474,-0.1452926021027793,-0.7460608537966681,-0.6639625282500127,-0.29853351955307267,-0.3456703910614526,-0.5936752150731244,-1.4913528214290845,-0.8118016759776536,-1.1522346368715084,-0.8762021244753119
-0.9425230742262228,-0.7790216523821091,-1.008113137166453,-1.3474548891948472,-0.5428800021652763,-0.2552786356223325,-0.14005517193518158,-0.7447054112067102,-0.6691999584176105,-0.2932960893854749,-0.3456703910614526,-0.6014391902284039,-1.4874708338514446,-0.8118016759776536,-1.1522346368715084,-0.8618452765624763
-0.9425230742262228,-0.7790216523821091,-1.008113137166453,-1.346099446604889,-0.5428800021652763,-0.2552786356223325,-0.13617318435754183,-0.7355859934614725,-0.6691999584176105,-0.2932960893854749,-0.3547898088066901,-0.5923197724831665,-1.4797068586961655,-0.8222765363128491,-1.1469972067039107,-0.8566749814801483
-0.9374071124254043,-0.7699022346368715,-1.005586592178771,-1.3527594544477144,-0.5428800021652763,-0.25139664804469275,-0.14141061452513964,-0.7355859934614725,-0.6550860472383334,-0.3076529372983102,-0.3547898088066901,-0.5923197724831665,-1.4835888462738054,-0.8118016759776535,-1.1469972067039107,-0.8566749814801483
-0.9374071124254043,-0.7699022346368715,-1.009468579756411,-1.3436400367024763,-0.5389980145876364,-0.246159217877095,-0.14141061452513956,-0.7303485632938747,-0.6589680348159733,-0.31153492487594997,-0.3561452513966481,-0.5794398355270681,-1.498936731676261,-0.801326815642458,-1.1508791942815506,-0.8617909432809668
-0.9374071124254043,-0.7699022346368715,-1.0147060099240088,-1.3306386313795997,-0.5389980145876364,-0.25139664804469275,-0.1309357541899441,-0.7342305508715146,-0.6628500223936131,-0.3062974947083522,-0.3639092265519276,-0.5794398355270681,-1.4744694285285675,-0.8052088032200979,-1.145641764113953,-0.8617909432809668
-0.9361731382022255,-0.7751396648044693,-1.010824022346369,-1.3306386313795997,-0.5338820527868178,-0.25139664804469275,-0.1309357541899441,-0.7303485632938747,-0.6719694401388506,-0.2985335195530727,-0.36914665671952523,-0.5794398355270681,-1.459121543126112,-0.8052088032200979,-1.1508791942815504,-0.8579089557033269
-0.9361731382022255,-0.7790216523821091,-1.005586592178771,-1.3255226695787812,-0.5391194829544156,-0.24480377528713698,-0.1309357541899441,-0.7303485632938747,-0.6680874525612107,-0.3037709497206705,-0.3613826815642459,-0.5846772656946659,-1.4630035307037517,-0.8052088032200979,-1.1508791942815504,-0.8527929939025084
-0.9361731382022255,-0.7685467920469136,-1.0265363128491622,-1.3102632596092996,-0.5327695469304182,-0.2552786356223325,-0.1309357541899441,-0.7264665757162347,-0.6550860472383334,-0.3037709497206705,-0.36662011173184356,-0.5794398355270681,-1.4824763404174057,-0.801326815642458,-1.1469972067039105,-0.8476770321016899
-0.927053720456988,-0.7685467920469135,-1.0212988826815645,-1.3102632596092996,-0.536651534508058,-0.2552786356223325,-0.14005517193518158,-0.7213506139154162,-0.6499700854375149,-0.3037709497206705,-0.36662011173184356,-0.5743238737262495,-1.4786614879250355,-0.801326815642458,-1.1469972067039105,-0.8477441671869596
-0.9322911506245858,-0.7699022346368715,-1.010824022346369,-1.315500689776897,-0.5314141043404602,-0.246159217877095,-0.1452926021027793,-0.7150006778914189,-0.6577340605927944,-0.312890367465908,-0.35614525139664815,-0.5820878488815293,-1.4629491974222422,-0.8065642458100557,-1.1417597765363128,-0.8529815973545573
-0.9322911506245857,-0.7646648044692737,-1.010824022346369,-1.3103847279760785,-0.5261766741728626,-0.25004120545473474,-0.13481774176758385,-0.7241200956366566,-0.6668534783380321,-0.30629749470835216,-0.3600272389742879,-0.5859698364591692,-1.4551852222669623,-0.8065642458100557,-1.1417597765363128,-0.8477441671869594
-0.9361731382022255,-0.759427374301676,-1.010824022346369,-1.305147297808481,-0.5222946865952229,-0.25004120545473474,-0.1309357541899441,-0.7202381080590167,-0.6668534783380321,-0.3024155071307124,-0.36390922655192764,-0.5820878488815293,-1.4474883821969522,-0.8104462333876956,-1.1417597765363128,-0.8463887245970017
-0.9205823160662114,-0.7646648044692737,-1.010824022346369,-1.305147297808481,-0.5222946865952229,-0.25004120545473474,-0.1309357541899441,-0.7150006778914189,-0.6590895031827526,-0.3024155071307124,-0.36390922655192764,-0.5859698364591692,-1.4474883821969522,-0.7999713730525002,-1.1417597765363128,-0.8463887245970017
-0.9205823160662114,-0.7685467920469135,-1.010824022346369,-1.305147297808481,-0.518412699017583,-0.246159217877095,-0.1309357541899441,-0.711118690313779,-0.6500915538042941,-0.30765293729831017,-0.3691466567195254,-0.5769718870807108,-1.451370369774592,-0.7960893854748603,-1.1417597765363128,-0.8463887245970017
-0.9167003284885716,-0.7685467920469135,-1.0147060099240088,-1.3012653102308411,-0.518412699017583,-0.25139664804469275,-0.12046089385474862,-0.711118690313779,-0.6500915538042941,-0.3024155071307124,-0.3691466567195254,-0.5822093172483086,-1.4514918381413713,-0.7999713730525002,-1.1365223463687149,-0.8476226988201803
-0.9153992191801233,-0.777666209792151,-1.0147060099240088,-1.2960278800632437,-0.5222946865952227,-0.246159217877095,-0.12046089385474862,-0.711118690313779,-0.648736111214336,-0.3024155071307124,-0.36526466914188566,-0.5822093172483086,-1.4372564585953151,-0.7999713730525002,-1.1404043339463548,-0.8476226988201803
-0.9192812067577631,-0.7737842222145113,-1.0160614525139666,-1.2960278800632437,-0.5171787247944042,-0.2539231930323745,-0.12046089385474862,-0.711118690313779,-0.648736111214336,-0.29853351955307267,-0.36526466914188566,-0.5730898995030709,-1.4372564585953151,-0.7999713730525002,-1.145641764113953,-0.8502707121746412
-0.9192812067577631,-0.7699022346368715,-1.0160614525139666,-1.2923344959376524,-0.5171787247944042,-0.2539231930323745,-0.12434288143238836,-0.711118690313779,-0.6434986810467384,-0.29853351955307267,-0.3561452513966481,-0.5730898995030709,-1.4516133065081505,-0.7960893854748603,-1.145641764113953,-0.845154750373823
-0.9115843666877531,-0.7594273743016758,-1.0160614525139666,-1.2923344959376524,-0.5159447505712254,-0.25916062319997224,-0.13346229917762586,-0.7060027285129604,-0.6345007316682798,-0.2932960893854749,-0.3613826815642459,-0.5679739377022524,-1.44398360152341,-0.8052088032200979,-1.141759776536313,-0.8490367379514623
-0.9063469365201554,-0.7646648044692738,-1.010824022346369,-1.2975719261052499,-0.5159447505712254,-0.24480377528713698,-0.13481774176758385,-0.7100061844573796,-0.633266757445101,-0.3024155071307124,-0.356145251396648,-0.5666184951122945,-1.4296267536105745,-0.8104462333876956,-1.141759776536313,-0.8465101929637806
-0.9063469365201554,-0.7633093618793158,-1.009468579756411,-1.2924559643044313,-0.5159447505712255,-0.246159217877095,-0.12958031159998612,-0.7138881720350195,-0.633266757445101,-0.3024155071307124,-0.35090782122905034,-0.5718559252798923,-1.4348641837781722,-0.8065642458100557,-1.141759776536313,-0.845087615288553
-0.9011095063525576,-0.7633093618793158,-1.009468579756411,-1.2872185341368338,-0.5120627629935858,-0.25663407821229056,-0.12046089385474862,-0.7138881720350195,-0.6385041876126989,-0.29717807696311466,-0.3547898088066901,-0.5679739377022524,-1.4309821962005322,-0.8065642458100557,-1.136522346368715,-0.845087615288553
-0.8959935445517387,-0.7685467920469135,-1.009468579756411,-1.2872185341368338,-0.5120627629935858,-0.25663407821229056,-0.12046089385474862,-0.7100061844573796,-0.6398596302026569,-0.29717807696311466,-0.3547898088066901,-0.5679739377022524,-1.4309821962005322,-0.7960893854748603,-1.136522346368715,-0.8398501851209553
-0.8959935445517387,-0.7646648044692738,-1.010824022346369,-1.2924559643044313,-0.5120627629935856,-0.25663407821229056,-0.12046089385474862,-0.7138881720350195,-0.6281507956442827,-0.3024155071307124,-0.35614525139664815,-0.5642134184913917,-1.4309821962005322,-0.7960893854748603,-1.136522346368715,-0.8360353326285854
-0.8959935445517387,-0.7646648044692738,-1.010824022346369,-1.2885739767267914,-0.5120627629935856,-0.2618715083798883,-0.11522346368715083,-0.7138881720350195,-0.6281507956442827,-0.3024155071307124,-0.3600272389742879,-0.5642134184913917,-1.4309821962005322,-0.7960893854748603,-1.1312849162011176,-0.837269306851764
-0.8908775827509202,-0.7699022346368716,-1.010824022346369,-1.2780991163915965,-0.5120627629935856,-0.2618715083798883,-0.11910545126479058,-0.7177701596126594,-0.6281507956442824,-0.29717807696311466,-0.3547898088066901,-0.5589759883237939,-1.420628804232116,-0.7999713730525002,-1.1312849162011176,-0.841151294429404
-0.8947595703285599,-0.7699022346368716,-1.010824022346369,-1.2819811039692364,-0.5069468011927669,-0.26575349595752806,-0.11910545126479058,-0.7138881720350195,-0.6320327832219221,-0.29717807696311466,-0.3547898088066901,-0.5589759883237939,-1.4155128424312975,-0.7999713730525002,-1.1312849162011176,-0.8360353326285851
-0.8947595703285599,-0.7646648044692738,-1.0160614525139666,-1.2768651421684178,-0.5030648136151273,-0.2696354835351678,-0.11910545126479058,-0.7061241968797397,-0.6320327832219221,-0.2932960893854749,-0.35090782122905034,-0.5589759883237939,-1.4311036645673114,-0.7960893854748603,-1.1312849162011176,-0.8309193708277667
-0.8895221401609622,-0.7594273743016763,-1.0265363128491622,-1.2654205846913071,-0.5018308393919485,-0.2709909261251259,-0.12046089385474862,-0.7011297034457004,-0.6191528462658242,-0.30241550713071247,-0.35614525139664815,-0.5577420141006152,-1.4272888120749412,-0.8065642458100557,-1.1312849162011176,-0.8309193708277663
-0.8895221401609622,-0.764664804469274,-1.0212988826815645,-1.2654205846913071,-0.4965934092243507,-0.26575349595752806,-0.12958031159998612,-0.6998957292225217,-0.6230348338434639,-0.3076529372983102,-0.3456703910614526,-0.556386571510657,-1.4168139517397458,-0.8118016759776534,-1.1351669037787575,-0.8361568009953644
-0.8908775827509202,-0.763309361879316,-1.010824022346369,-1.2706580148589046,-0.4965934092243507,-0.26710893854748613,-0.12958031159998612,-0.6946582990549239,-0.6179188720426454,-0.3076529372983102,-0.3404329608938548,-0.5655059892558947,-1.4168139517397458,-0.8065642458100557,-1.1404043339463552,-0.8399716534877346
-0.8856401525833225,-0.763309361879316,-1.010824022346369,-1.260304622890488,-0.49523796663439273,-0.26710893854748613,-0.12958031159998612,-0.693302856464966,-0.6231563022102433,-0.30241550713071247,-0.3456703910614526,-0.5655059892558949,-1.4129319641621059,-0.8065642458100557,-1.1404043339463552,-0.8269702481648571
-0.880524190782504,-0.7594273743016763,-1.0160614525139666,-1.260304622890488,-0.49135597905675293,-0.27758379888268153,-0.12569832402234637,-0.6894208688873261,-0.6231563022102433,-0.30241550713071247,-0.3456703910614526,-0.5655059892558946,-1.4231638877637431,-0.7999713730525002,-1.12604748603352,-0.8269702481648573
-0.880524190782504,-0.7685467920469138,-1.0160614525139666,-1.260304622890488,-0.49523796663439273,-0.26710893854748613,-0.1309357541899441,-0.6855388813096862,-0.6126814418750478,-0.3062974947083522,-0.35090782122905034,-0.5526260522997964,-1.4231638877637431,-0.7999713730525002,-1.12604748603352,-0.8179179655048892
-0.880524190782504,-0.7685467920469138,-1.0160614525139666,-1.2525406477352088,-0.49523796663439273,-0.2723463687150839,-0.12569832402234637,-0.6894208688873261,-0.6087994542974079,-0.3062974947083522,-0.3547898088066901,-0.5487440647221568,-1.419281900186104,-0.801326815642458,-1.120810055865922,-0.8179179655048892
-0.8792230814740557,-0.7646648044692738,-1.0265363128491622,-1.2486586601575689,-0.49523796663439273,-0.27622835629272363,-0.12569832402234637,-0.6894208688873261,-0.6140368844650057,-0.2985335195530727,-0.3547898088066901,-0.5487440647221568,-1.4089285082176872,-0.8118016759776536,-1.120810055865922,-0.8179179655048892
-0.8831050690516955,-0.7594273743016761,-1.0265363128491622,-1.2434212299899714,-0.4914774474235321,-0.2748729137027656,-0.12569832402234637,-0.6894208688873261,-0.6218008596202853,-0.2985335195530727,-0.3547898088066901,-0.5487440647221568,-1.4038125464168687,-0.8065642458100557,-1.1260474860335197,-0.8128020037040706
-0.883172204136965,-0.7633093618793156,-1.03177374301676,-1.1769137265793297,-0.4823580296782946,-0.2709909261251259,-0.12569832402234637,-0.7127127943531649,-0.625682847197925,-0.2985335195530727,-0.35090782122905034,-0.5539814948897542,-1.403934014783648,-0.7960893854748603,-1.1260474860335197,-0.8076860419032521
-0.8779347739693671,-0.7580719317117182,-1.0370111731843579,-1.167982912286141,-0.4811240554551158,-0.27622835629272363,-0.1309357541899441,-0.7075968325523461,-0.6166848978194668,-0.2985335195530727,-0.35614525139664815,-0.5436281029213382,-1.403934014783648,-0.7960893854748603,-1.1260474860335197,-0.811568029480892
-0.8701707988140877,-0.7685467920469137,-1.0212988826815645,-1.167982912286141,-0.4811240554551158,-0.2709909261251259,-0.14529260210277936,-0.7024808707515278,-0.6128029102418269,-0.29853351955307267,-0.3509078212290504,-0.5422726603313803,-1.3949488672089496,-0.801326815642458,-1.120810055865922,-0.8168054596484897
-0.880524190782504,-0.7594273743016762,-1.0160614525139666,-1.1770351949461086,-0.4811240554551158,-0.26575349595752806,-0.16100489260557263,-0.6883083630309267,-0.6089209226641872,-0.3024155071307124,-0.3509078212290504,-0.5461546479090199,-1.4102967526114052,-0.801326815642458,-1.1260474860335197,-0.8168054596484897
-0.8752867606149062,-0.7594273743016762,-1.0160614525139666,-1.1666818029776926,-0.48888803061039526,-0.2709909261251259,-0.15188547486033518,-0.6883083630309267,-0.6090423910309664,-0.29717807696311466,-0.3600272389742879,-0.54615464790902,-1.4064147650337653,-0.801326815642458,-1.1312849162011176,-0.8076860419032522
-0.8701707988140877,-0.7594273743016762,-1.0160614525139666,-1.1705637905553326,-0.48888803061039526,-0.2709909261251259,-0.15188547486033518,-0.6844263754532868,-0.6090423910309664,-0.29717807696311466,-0.3600272389742879,-0.5422726603313801,-1.4115307268345838,-0.7960893854748603,-1.1312849162011176,-0.8063305993132944
-0.8701707988140877,-0.7685467920469137,-1.0160614525139666,-1.1667489380629623,-0.4811240554551158,-0.2723463687150837,-0.15188547486033518,-0.6844263754532868,-0.6142798211985641,-0.29717807696311466,-0.3547898088066901,-0.5383906727537404,-1.4115307268345838,-0.7908519553072627,-1.1299294736111596,-0.8063305993132944
-0.8701707988140877,-0.7724287796245534,-1.0160614525139666,-1.1667489380629623,-0.4811240554551158,-0.2671089385474861,-0.15188547486033518,-0.6805443878756469,-0.6142798211985641,-0.3010600645407544,-0.3561452513966481,-0.5385121411205197,-1.407648739256944,-0.7908519553072627,-1.1299294736111596,-0.8114465611141131
-0.8740527863917275,-0.7724287796245534,-1.0160614525139666,-1.158984962907683,-0.4811240554551158,-0.2671089385474861,-0.14664804469273743,-0.6805443878756469,-0.6090423910309664,-0.29717807696311466,-0.3691466567195254,-0.5385121411205197,-1.3972953472885277,-0.8013268156424582,-1.120810055865922,-0.8114465611141131
-0.8728188121685486,-0.7724287796245531,-1.0160614525139666,-1.1537475327400852,-0.47600809365429725,-0.2709909261251258,-0.14664804469273743,-0.6805443878756469,-0.612924378608606,-0.29717807696311466,-0.3691466567195254,-0.5332747109529219,-1.3921793854877091,-0.7960893854748605,-1.120810055865922,-0.8102125868909343
-0.8689368245909089,-0.7699022346368715,-1.0212988826815645,-1.1486315709392667,-0.47736353624425526,-0.26575349595752806,-0.15053003227037717,-0.6805443878756469,-0.612924378608606,-0.29853351955307267,-0.3613826815642459,-0.5332747109529219,-1.4011773348661676,-0.7960893854748605,-1.120810055865922,-0.8012146375124759
-0.8689368245909089,-0.7646648044692739,-1.0317737430167602,-1.1461178277553448,-0.4800115495987162,-0.2671089385474861,-0.15576746243797493,-0.6754284260748283,-0.5988104674293293,-0.29853351955307267,-0.3666201117318437,-0.5229213189845056,-1.4064147650337653,-0.7908519553072627,-1.120810055865922,-0.8050966250901158
-0.8598174068456714,-0.7751396648044692,-1.0265363128491622,-1.146117827755345,-0.47477411943111847,-0.2618715083798883,-0.1648868801832124,-0.6703124642740098,-0.5988104674293293,-0.30765293729831017,-0.36138268156424597,-0.5268033065621455,-1.3987179249637551,-0.7960893854748603,-1.120810055865922,-0.8064520676800736
-0.8701707988140877,-0.7699022346368715,-1.0160614525139666,-1.1462392961221242,-0.47477411943111847,-0.25663407821229056,-0.1648868801832124,-0.6780764394292896,-0.5988104674293293,-0.3115349248759499,-0.35090782122905034,-0.5268033065621455,-1.3934804947961572,-0.801326815642458,-1.1194546132759642,-0.8064520676800736
-0.86493336864649,-0.7646648044692737,-1.0199434400916065,-1.1358859041537077,-0.47341867684116046,-0.2605160657899303,-0.1571229050279329,-0.6858404145845691,-0.6079298851745669,-0.29717807696311466,-0.3547898088066901,-0.5268033065621452,-1.3985964565969757,-0.8052088032200979,-1.1194546132759642,-0.8012146375124758
-0.8726973438017694,-0.7646648044692737,-1.0199434400916065,-1.1306484739861096,-0.46565470168588097,-0.2605160657899303,-0.1571229050279329,-0.6767209968393314,-0.6079298851745669,-0.29717807696311466,-0.3547898088066901,-0.5268033065621452,-1.3985964565969757,-0.8052088032200979,-1.1194546132759642,-0.799859194922518
-0.8675813820009509,-0.7699022346368714,-1.0160614525139666,-1.1358859041537077,-0.4617727141082412,-0.2605160657899303,-0.1623603351955307,-0.6728390092616918,-0.6079298851745669,-0.29717807696311466,-0.3547898088066901,-0.5268033065621455,-1.4077158743422136,-0.7908519553072627,-1.1155726256983243,-0.8050966250901158
-0.8675813820009509,-0.7699022346368714,-1.0160614525139666,-1.1358859041537077,-0.467010144275839,-0.25139664804469275,-0.1623603351955307,-0.6689570216840519,-0.6079298851745669,-0.3010600645407544,-0.35614525139664815,-0.5216873447613268,-1.4038338867645737,-0.7908519553072627,-1.1194546132759642,-0.8102125868909344
-0.8675813820009509,-0.7685467920469133,-1.0265363128491622,-1.1242399414207884,-0.4708921318534787,-0.25139664804469275,-0.15188547486033518,-0.6689570216840519,-0.6065744425846089,-0.3010600645407544,-0.36390922655192764,-0.5216873447613268,-1.3807348280105982,-0.8065642458100558,-1.1142171831083665,-0.8049751567233366
-0.8624654202001324,-0.7790216523821091,-1.0265363128491622,-1.1190025112531905,-0.4605387398850624,-0.25916062319997224,-0.15576746243797493,-0.665075034106412,-0.6065744425846087,-0.29717807696311466,-0.35867179638432983,-0.5216873447613268,-1.3756188662097797,-0.8170391061452513,-1.1103351955307266,-0.7959772073448781
-0.8624654202001324,-0.7842590825497069,-1.0160614525139666,-1.113886549452372,-0.4605387398850624,-0.25916062319997224,-0.15964945001561467,-0.665075034106412,-0.6118118727522065,-0.2932960893854749,-0.353434366216732,-0.5178053571836869,-1.3807348280105982,-0.8118016759776536,-1.1103351955307266,-0.7998591949225177
-0.8624654202001324,-0.7790216523821092,-1.0265363128491622,-1.1151876587608196,-0.46442072746270213,-0.2552786356223325,-0.15964945001561467,-0.665075034106412,-0.6028139233737482,-0.2932960893854748,-0.3547898088066901,-0.5178053571836869,-1.385972258178196,-0.8065642458100559,-1.1103351955307266,-0.7947432331216991
-0.8533460024548949,-0.7894965127173046,-1.0160614525139666,-1.1151876587608196,-0.4605387398850624,-0.24615921787709497,-0.1701243103508102,-0.6600805406723727,-0.59381597399529,-0.3037709497206703,-0.34955237863909233,-0.5165713829605083,-1.382090270600556,-0.8156836635552935,-1.1155726256983243,-0.8038626508669369
-0.8547014450448529,-0.7803770949720671,-1.009468579756411,-1.1204250889284175,-0.4605387398850624,-0.24615921787709497,-0.16100489260557266,-0.6653179708399705,-0.5885785438276921,-0.3037709497206703,-0.34955237863909233,-0.5165713829605083,-1.3807348280105982,-0.8156836635552935,-1.1103351955307266,-0.8037955157816672
-0.8545799766780736,-0.7803770949720671,-1.009468579756411,-1.1101931653267805,-0.4605387398850624,-0.26439805336757,-0.14664804469273746,-0.6730819459952503,-0.5885785438276921,-0.28805865921787716,-0.3534343662167321,-0.5243353581157879,-1.3960827134130542,-0.8195656511329331,-1.1103351955307266,-0.789438667868832
-0.8493425465104759,-0.7803770949720671,-1.009468579756411,-1.1049557351591823,-0.4605387398850624,-0.26439805336757,-0.14664804469273746,-0.67308194599525,-0.5885785438276921,-0.28805865921787716,-0.35867179638432983,-0.520453370538148,-1.401320143580652,-0.8156836635552935,-1.1103351955307266,-0.7803863852088639
-0.8442265847096574,-0.7842590825497069,-1.005586592178771,-1.11019316532678,-0.45665675230742264,-0.26051606578993025,-0.14664804469273746,-0.6730819459952503,-0.5833411136600944,-0.2919406467955169,-0.3547898088066901,-0.520453370538148,-1.4026755861706097,-0.801326815642458,-1.1142171831083665,-0.7803863852088639
-0.8442265847096574,-0.7894965127173046,-1.005586592178771,-1.11019316532678,-0.45665675230742264,-0.2552786356223325,-0.15188547486033524,-0.6653179708399705,-0.5833411136600944,-0.29582263437315665,-0.3600272389742879,-0.5153374087373295,-1.3987935985929698,-0.801326815642458,-1.1142171831083665,-0.7803863852088639
-0.8442265847096574,-0.7894965127173046,-1.010824022346369,-1.0895620550191623,-0.45665675230742264,-0.26051606578993025,-0.14141061452513964,-0.6730819459952503,-0.5872231012377341,-0.29582263437315665,-0.36390922655192764,-0.5166928513272876,-1.3832027764569554,-0.801326815642458,-1.1089797529407688,-0.7803863852088639
-0.8429926104864786,-0.7947339428849024,-1.0160614525139666,-1.0843246248515646,-0.4567782206742019,-0.2566340782122905,-0.1452926021027794,-0.6730819459952503,-0.5911050888153739,-0.29582263437315665,-0.35867179638432983,-0.5166928513272876,-1.3742719621637667,-0.801326815642458,-1.1089797529407688,-0.7803863852088639
-0.8429926104864786,-0.7908519553072626,-1.0160614525139666,-1.079208663050746,-0.46201565084179963,-0.25916062319997224,-0.1452926021027794,-0.6691999584176104,-0.5963425189829716,-0.2932960893854749,-0.3547898088066901,-0.5075734335820499,-1.3793879239645852,-0.801326815642458,-1.1050977653631289,-0.7830343985633249
-0.8468745980641184,-0.7856145251396648,-1.0212988826815645,-1.079208663050746,-0.4567782206742019,-0.25916062319997224,-0.14141061452513964,-0.6705554010075683,-0.592460531405332,-0.2932960893854749,-0.3547898088066901,-0.5023360034144521,-1.384625354132183,-0.7960893854748603,-1.1050977653631289,-0.7779184367625064
-0.8377551803188809,-0.7999713730525002,-1.0160614525139666,-1.079208663050746,-0.46454219582948136,-0.25139664804469275,-0.15964945001561467,-0.6603234774059312,-0.5783466202260551,-0.29717807696311466,-0.35614525139664815,-0.49722004161363353,-1.384625354132183,-0.801326815642458,-1.1050977653631289,-0.7870378545077438
-0.833873192741241,-0.7999713730525002,-1.009468579756411,-1.0844460932183437,-0.4593047656618836,-0.24615921787709497,-0.15964945001561465,-0.6538520730151548,-0.5769911776360971,-0.3024155071307124,-0.3456703910614526,-0.5049840167689132,-1.3780324813746272,-0.801326815642458,-1.1050977653631289,-0.7830887318448345
-0.8389891545420596,-0.7947339428849024,-1.0133505673340506,-1.0793301314175252,-0.45542277808424386,-0.26439805336757005,-0.1452926021027794,-0.6577340605927947,-0.5769911776360971,-0.29194064679551684,-0.3456703910614526,-0.5088660043465527,-1.3780324813746272,-0.801326815642458,-1.1050977653631289,-0.7700873265219572
-0.8389891545420596,-0.7947339428849024,-1.009468579756411,-1.0690982078158884,-0.4501853479166461,-0.2696354835351678,-0.1452926021027794,-0.6524966304251965,-0.5769911776360972,-0.2880586592178771,-0.34955237863909233,-0.508866004346553,-1.379266455597806,-0.8052088032200979,-1.1050977653631289,-0.7648498963543594
-0.833873192741241,-0.7947339428849024,-1.009468579756411,-1.0690982078158884,-0.4501853479166461,-0.26575349595752806,-0.1452926021027794,-0.6524966304251965,-0.5769911776360972,-0.29194064679551684,-0.34955237863909233,-0.5049840167689131,-1.379266455597806,-0.7947339428849025,-1.1103351955307266,-0.7610350438619892
-0.833873192741241,-0.7999713730525002,-1.009468579756411,-1.0639822460150699,-0.44630336033900636,-0.26575349595752806,-0.15188547486033516,-0.6563786180028367,-0.5808731652137371,-0.29194064679551684,-0.3547898088066901,-0.4921040798128149,-1.3806218981877645,-0.7908519553072626,-1.1103351955307266,-0.7649170314396291
-0.8376880452336113,-0.7999713730525002,-1.009468579756411,-1.0626811367066216,-0.4515407905066041,-0.2618715083798883,-0.1414106145251397,-0.6563786180028367,-0.5847551527913766,-0.2958226343731566,-0.3625537839619696,-0.4921040798128149,-1.3703899745861274,-0.7960893854748603,-1.099860335195531,-0.7649170314396291
-0.8403360585880723,-0.8065642458100559,-1.0160614525139666,-1.0536288540466534,-0.441308866904967,-0.2618715083798883,-0.14529260210277944,-0.6524966304251968,-0.5808731652137368,-0.29194064679551684,-0.36255378396196947,-0.4921040798128149,-1.3601708527882503,-0.801326815642458,-1.099860335195531,-0.7649170314396291
-0.844218046165712,-0.8065642458100558,-1.0160614525139666,-1.0483914238790557,-0.441308866904967,-0.2605160657899303,-0.15053003227037717,-0.6524966304251968,-0.5861105953813346,-0.2880586592178771,-0.3586717963843299,-0.4973415099804127,-1.3601708527882503,-0.7960893854748603,-1.1050977653631286,-0.7598010696388104
-0.8404031936733418,-0.8065642458100558,-1.0160614525139666,-1.0573893732575141,-0.4451908544826067,-0.2605160657899303,-0.14664804469273743,-0.6538520730151547,-0.5822286078036948,-0.2880586592178771,-0.35478980880669014,-0.4921040798128149,-1.365408282955848,-0.7856145251396647,-1.1089797529407686,-0.7546851078379918
-0.8235198007728248,-0.8170391061452514,-1.0160614525139666,-1.053574520765144,-0.44907284206024645,-0.2605160657899303,-0.15576746243797493,-0.6487361112143362,-0.5771126460028763,-0.2775837988826816,-0.36002723897428796,-0.4817506878443985,-1.3678762314022057,-0.7947339428849025,-1.0985048926055727,-0.7638045255832295
-0.8235198007728248,-0.8170391061452514,-1.0160614525139666,-1.049692533187504,-0.44907284206024645,-0.2513966480446927,-0.15964945001561465,-0.6332667574451013,-0.5718752158352784,-0.28282122905027934,-0.3509078212290503,-0.49339665057731774,-1.3665207888122477,-0.7999713730525002,-1.093267462437975,-0.7638045255832295
